{
  "x": 10350.8564453125,
  "facing": 5.3451080322265625,
  "y": -6358.04296875,
  "map": 530,
  "z": 33.59407043457031
}