{
  "x": 10349.599609375,
  "y": 33.4025993347168,
  "z": -6357.2900390625,
  "map_id": 3431,
  "area_id": 530
}